{"cameraMode":{"drawMode":0,"name":"Shaded","section":"Shading Mode"},"sceneLighting":false,"audioPlay":false,"sceneViewState":{"showFog":true,"showMaterialUpdate":false,"showSkybox":true,"showFlares":true,"showImageEffects":true,"showParticleSystems":true,"showVisualEffectGraphs":true,"m_FxEnabled":true},"in2DMode":false,"pivot":{"x":-18.293163299560548,"y":25.719772338867189,"z":48.34266662597656},"rotation":{"x":0.41799813508987429,"y":-0.32363903522491457,"z":0.16236723959445954,"w":0.8331776261329651},"size":45.11077117919922,"orthographic":true}