{"cameraMode":{"drawMode":0,"name":"Shaded","section":"Shading Mode"},"sceneLighting":false,"audioPlay":false,"sceneViewState":{"showFog":true,"showMaterialUpdate":false,"showSkybox":true,"showFlares":true,"showImageEffects":true,"showParticleSystems":true},"in2DMode":false,"pivot":{"x":19.010868072509767,"y":140.50213623046876,"z":-40.391929626464847},"rotation":{"x":0.28424227237701418,"y":-0.40395474433898928,"z":0.13364224135875703,"w":0.8591670989990234},"size":55.9798583984375,"orthographic":true}